image_id;model_name;caption
airbnb.jpg;best_model_20250725_125558.pkl;A cat is sitting on top of a chair.
airbnb.jpg;best_model_20250725_135939.pkl;A kitchen with white cabinets and white appliances.
airbnb.jpg;best_model_20250725_174616.pkl;A kitchen with white cabinets and white appliances.
airbnb.jpg;best_model_20250725_233058.pkl;A white stove top oven sitting in a kitchen.
airbnb.jpg;best_model_20250726_111600.pkl;A kitchen with white cabinets and white appliances.
airbnb.jpg;best_model_20250726_183853.pkl;A kitchen with a stove, sink, microwave and refrigerator.
amg_c63.jpg;best_model_20250725_125558.pkl;A man riding a skateboard on a city street.
amg_c63.jpg;best_model_20250725_135939.pkl;A car is parked in front of a car dealer.
amg_c63.jpg;best_model_20250725_174616.pkl;A car that is sitting in a parking lot.
amg_c63.jpg;best_model_20250725_233058.pkl;A car parked in front of a building.
amg_c63.jpg;best_model_20250726_111600.pkl;A car sitting in a parking lot next to a building.
amg_c63.jpg;best_model_20250726_183853.pkl;A car parked in a garage next to a window.
antibes.jpg;best_model_20250725_125558.pkl;A man riding a skateboard on a city street.
antibes.jpg;best_model_20250725_135939.pkl;A group of people walking down a busy street.
antibes.jpg;best_model_20250725_174616.pkl;A view of a city street at night.
antibes.jpg;best_model_20250725_233058.pkl;A city street filled with lots of traffic.
antibes.jpg;best_model_20250726_111600.pkl;A city street filled with lots of traffic.
antibes.jpg;best_model_20250726_183853.pkl;A city street filled with lots of traffic.
antibes_2.jpg;best_model_20250725_125558.pkl;A man riding a skateboard on a city street.
antibes_2.jpg;best_model_20250725_135939.pkl;A view of a street sign on a cloudy day.
antibes_2.jpg;best_model_20250725_174616.pkl;A tall building with a clock tower on it.
antibes_2.jpg;best_model_20250725_233058.pkl;A large building with a large clock on the side.
antibes_2.jpg;best_model_20250726_111600.pkl;A red and white street sign sitting next to a building.
antibes_2.jpg;best_model_20250726_183853.pkl;A tall building with a clock on the top of it.
baby_yoda.jpg;best_model_20250725_125558.pkl;A man riding a skateboard on a city street.
baby_yoda.jpg;best_model_20250725_135939.pkl;A stuffed teddy bear sitting in front of a refrigerator.
baby_yoda.jpg;best_model_20250725_174616.pkl;A stuffed animal with a banana in it.
baby_yoda.jpg;best_model_20250725_233058.pkl;a close up of a person holding a pair of scissors
baby_yoda.jpg;best_model_20250726_111600.pkl;A man holding a stuffed animal in his hand.
baby_yoda.jpg;best_model_20250726_183853.pkl;A man is holding a stuffed animal in his hand.
beach.jpg;best_model_20250725_125558.pkl;A man riding a skateboard on a city street.
beach.jpg;best_model_20250725_135939.pkl;A group of people sitting on a beach with umbrellas.
beach.jpg;best_model_20250725_174616.pkl;A group of people sitting on top of a sandy beach.
beach.jpg;best_model_20250725_233058.pkl;A group of people sitting on top of a sandy beach.
beach.jpg;best_model_20250726_111600.pkl;A group of people sitting on the beach.
beach.jpg;best_model_20250726_183853.pkl;A group of people sitting on a beach.
bibi.jpg;best_model_20250725_125558.pkl;A man riding a skateboard on a city street.
bibi.jpg;best_model_20250725_135939.pkl;A black cat sitting on top of a toilet bowl.
bibi.jpg;best_model_20250725_174616.pkl;A cat that is laying down on a bed.
bibi.jpg;best_model_20250725_233058.pkl;A cat that is laying down on a bed.
bibi.jpg;best_model_20250726_111600.pkl;A cat that is laying on a bed.
bibi.jpg;best_model_20250726_183853.pkl;A cat laying on a bed with a remote control.
cs2.jpg;best_model_20250725_125558.pkl;A group of people sitting around a table.
cs2.jpg;best_model_20250725_135939.pkl;A laptop computer sitting on top of a desk.
cs2.jpg;best_model_20250725_174616.pkl;A laptop computer sitting on top of a desk.
cs2.jpg;best_model_20250725_233058.pkl;A laptop computer sitting on top of a desk.
cs2.jpg;best_model_20250726_111600.pkl;A laptop computer sitting on top of a desk.
cs2.jpg;best_model_20250726_183853.pkl;A laptop computer sitting on top of a desk.
duck.jpg;best_model_20250725_125558.pkl;A cat is sitting on top of a chair.
duck.jpg;best_model_20250725_135939.pkl;A toy penguin sitting on top of a wooden table.
duck.jpg;best_model_20250725_174616.pkl;A picture of a toy penguin sitting on top of a paper plate.
duck.jpg;best_model_20250725_233058.pkl;a close up of a toy penguin on a table
duck.jpg;best_model_20250726_111600.pkl;A picture of an egg sitting on top of a white plate.
duck.jpg;best_model_20250726_183853.pkl;a close up of some food on a table
match.jpg;best_model_20250725_125558.pkl;A man riding a skateboard on a city street.
match.jpg;best_model_20250725_135939.pkl;A group of men playing soccer on a soccer field.
match.jpg;best_model_20250725_174616.pkl;A group of men playing soccer on a field.
match.jpg;best_model_20250725_233058.pkl;A group of men playing soccer on a field.
match.jpg;best_model_20250726_111600.pkl;A group of men playing soccer on a field.
match.jpg;best_model_20250726_183853.pkl;A group of men playing a game of soccer.
old_gym.jpg;best_model_20250725_125558.pkl;A man riding a skateboard on a city street.
old_gym.jpg;best_model_20250725_135939.pkl;A pair of scissors sitting on top of a pair of shoes.
old_gym.jpg;best_model_20250725_174616.pkl;A black and white photo of a parking meter.
old_gym.jpg;best_model_20250725_233058.pkl;A clock mounted to the side of a building.
old_gym.jpg;best_model_20250726_111600.pkl;A black and white photo of a parking meter.
old_gym.jpg;best_model_20250726_183853.pkl;A clock mounted to the side of a building.
opera.jpg;best_model_20250725_125558.pkl;A man riding a skateboard on a city street.
opera.jpg;best_model_20250725_135939.pkl;A group of people walking down a busy street.
opera.jpg;best_model_20250725_174616.pkl;A group of people walking down a street with umbrellas.
opera.jpg;best_model_20250725_233058.pkl;A group of people walking down a street next to a tall building.
opera.jpg;best_model_20250726_111600.pkl;A group of people standing in front of a large building.
opera.jpg;best_model_20250726_183853.pkl;A large building with a clock on the top of it.
psg_stadium.jpg;best_model_20250725_125558.pkl;A man riding a skateboard on a city street.
psg_stadium.jpg;best_model_20250725_135939.pkl;A group of people playing a game of soccer.
psg_stadium.jpg;best_model_20250725_174616.pkl;A crowd of people watching a soccer game.
psg_stadium.jpg;best_model_20250725_233058.pkl;A large group of people sitting in a stadium.
psg_stadium.jpg;best_model_20250726_111600.pkl;A group of people standing around a soccer ball.
psg_stadium.jpg;best_model_20250726_183853.pkl;A large crowd of people watching a soccer game.
shopping.jpg;best_model_20250725_125558.pkl;A man riding a skateboard on a city street.
shopping.jpg;best_model_20250725_135939.pkl;A woman is walking down the street with an umbrella.
shopping.jpg;best_model_20250725_174616.pkl;A woman and a man walking down a street.
shopping.jpg;best_model_20250725_233058.pkl;A woman and a man walking down a street.
shopping.jpg;best_model_20250726_111600.pkl;A woman and a man walking down a street.
shopping.jpg;best_model_20250726_183853.pkl;A group of people walking down a street.
sofia.jpg;best_model_20250725_125558.pkl;A man riding a skateboard on a city street.
sofia.jpg;best_model_20250725_135939.pkl;A young boy riding a skateboard down a street.
sofia.jpg;best_model_20250725_174616.pkl;A little boy standing on a sidewalk holding a baseball bat.
sofia.jpg;best_model_20250725_233058.pkl;A small child standing on a sidewalk holding a blue frisbee.
sofia.jpg;best_model_20250726_111600.pkl;A little boy standing on a sidewalk with a frisbee in his hand.
sofia.jpg;best_model_20250726_183853.pkl;A little boy playing with a frisbee in the grass.
sofia_1.jpg;best_model_20250725_125558.pkl;A man riding a skateboard on a city street.
sofia_1.jpg;best_model_20250725_135939.pkl;A man is sitting on the back of a small boat.
sofia_1.jpg;best_model_20250725_174616.pkl;A little girl sitting in the back of a pickup truck.
sofia_1.jpg;best_model_20250725_233058.pkl;A little girl sitting on the back of a motorcycle in a grassy field.
sofia_1.jpg;best_model_20250726_111600.pkl;A little girl sitting on the back of a truck in a field.
sofia_1.jpg;best_model_20250726_183853.pkl;A little boy sitting in the back of a pickup truck.
sofia_2.jpg;best_model_20250725_125558.pkl;A group of people walking down the street.
sofia_2.jpg;best_model_20250725_135939.pkl;A Christmas tree in front of a Christmas tree.
sofia_2.jpg;best_model_20250725_174616.pkl;A teddy bear sitting on top of a Christmas tree.
sofia_2.jpg;best_model_20250725_233058.pkl;A teddy bear sitting on top of a Christmas tree.
sofia_2.jpg;best_model_20250726_111600.pkl;A Christmas tree sitting on top of a Christmas tree.
sofia_2.jpg;best_model_20250726_183853.pkl;A teddy bear sitting on top of a Christmas tree.
sport.jpg;best_model_20250725_125558.pkl;A man riding a skateboard on a city street.
sport.jpg;best_model_20250725_135939.pkl;A group of people playing frisbee in a park.
sport.jpg;best_model_20250725_174616.pkl;A group of young men playing frisbee in a park.
sport.jpg;best_model_20250725_233058.pkl;A group of people sitting on a park bench.
sport.jpg;best_model_20250726_111600.pkl;A group of young men playing with a Frisbee in a park.
sport.jpg;best_model_20250726_183853.pkl;A group of men playing frisbee in a park.
tennis.jpg;best_model_20250725_125558.pkl;A man riding a skateboard on a city street.
tennis.jpg;best_model_20250725_135939.pkl;A man holding a tennis racquet on a tennis court.
tennis.jpg;best_model_20250725_174616.pkl;A man holding a tennis racquet on a court.
tennis.jpg;best_model_20250725_233058.pkl;Two men playing tennis on a tennis court.
tennis.jpg;best_model_20250726_111600.pkl;Two men playing tennis on a tennis court.
tennis.jpg;best_model_20250726_183853.pkl;A man holding a tennis racquet on a tennis court.
toy.jpg;best_model_20250725_125558.pkl;A man riding a skateboard on a city street.
toy.jpg;best_model_20250725_135939.pkl;A bunch of books are on display in a room.
toy.jpg;best_model_20250725_174616.pkl;A black and white photo of a model submarine.
toy.jpg;best_model_20250725_233058.pkl;A model of a model of a model ship.
toy.jpg;best_model_20250726_111600.pkl;A model of a model of a model of a pirate ship.
toy.jpg;best_model_20250726_183853.pkl;A model of a toy train on a table.
family.png;best_model_20250725_125558.pkl;A man riding a skateboard on a city street.
family.png;best_model_20250725_135939.pkl;A group of people sitting around a table with laptops.
family.png;best_model_20250725_174616.pkl;A group of people sitting at a table with a laptop computer.
family.png;best_model_20250725_233058.pkl;A group of people sitting at a table with a laptop computer.
family.png;best_model_20250726_111600.pkl;A group of people sitting around a table.
family.png;best_model_20250726_183853.pkl;A group of people sitting around a table with laptops.
